{"cameraMode":{"drawMode":0,"name":"Shaded","section":"Shading Mode"},"sceneLighting":true,"audioPlay":false,"sceneViewState":{"m_AlwaysRefresh":false,"showFog":true,"showSkybox":true,"showFlares":true,"showImageEffects":true,"showParticleSystems":true,"showVisualEffectGraphs":true,"m_FxEnabled":true},"in2DMode":false,"pivot":{"x":-2.322925090789795,"y":-3.345576286315918,"z":38.903202056884769},"rotation":{"x":-0.08868007361888886,"y":0.017029259353876115,"z":-0.0015162057243287564,"w":-0.9959147572517395},"size":28.073802947998048,"orthographic":false}